{"testParam1": 1.56606667985185, "testParam2": 2.972980952675547}