{"numStrat": 10, "connectivity": 183.99583960916422, "totalSafety": 153.04731324972283, "nonDropSoldier": 4.094436169050924, "currentPoint": 196.18941879636344, "nextTurnSoldier": 45.36491316289277, "soldiers": 15.728474938490454, "saftyB": 3.9759569453462014, "saftyBata": 4.261956123557771, "saftyLanda": 1.6952371208970507, "saftyMu": 7.2433354073452, "strategicBonus": 2.1044100224229325, "stratSold": 44.97517923465714, "stratSoldSq": 77.48345363057119, "riskRate": 2.0038464103056035, "riskRate2": 1.6968672365402673, "riskSimulate1": 3.2928930255650983, "riskSimulate2": 6.4140646209990795, "riskyFraction": 1.8111610261285764}