{"numStrat": 10, "connectivity": 107.60249214667309, "totalSafety": 63.41640547412651, "nonDropSoldier": 14.22937456013725, "currentPoint": 34.84839908368895, "nextTurnSoldier": 17.649179592209798, "soldiers": 29.483368629769256, "saftyB": 4.243833796780108, "saftyBata": 1.357703876473542, "saftyLanda": 0.40092132478127573, "saftyMu": 2.7137469534302707, "strategicBonus": 4.275213609606313, "stratSold": 4.832423777432802, "stratSoldSq": 119.2040460202499, "riskRate": 4.91798693461676, "riskRate2": 3.180024020999861, "riskSimulate1": 3.1748799827355136, "riskSimulate2": 4.870911416378149, "riskyFraction": 0.9958985601688488}