{"numStrat": 10, "connectivity": 59.1174876825179, "totalSafety": 69.60332684564646, "nonDropSoldier": 14.406860843562162, "currentPoint": 198.61387630677024, "nextTurnSoldier": 39.19943895516392, "soldiers": 22.064405257193098, "saftyB": 1.408197226175246, "saftyBata": 4.195810190425636, "saftyLanda": 3.955465180899072, "saftyMu": 7.354842909103327, "strategicBonus": 8.342542931745209, "stratSold": 47.55532271551369, "stratSoldSq": 406.03826710190054, "riskRate": 0.19782048389004955, "riskRate2": 1.387031048178259, "riskSimulate1": 6.477950040247213, "riskSimulate2": 6.694912508429939, "riskyFraction": 0.5837670315145469}