{"numStrat": 10, "connectivity": 137.72028579767925, "totalSafety": 154.4232174754973, "nonDropSoldier": 12.073823454815656, "currentPoint": 102.85204330658225, "nextTurnSoldier": 42.94706459932568, "soldiers": 5.14746489612657, "saftyB": 4.3427781035199455, "saftyBata": 0.7267188956943065, "saftyLanda": 2.4430800426661317, "saftyMu": 1.4077583352484173, "strategicBonus": 7.322275105070865, "stratSold": 17.12852151316108, "stratSoldSq": 25.34000660138517, "riskRate": 3.4700115224015833, "riskRate2": 2.0455555623676234, "riskSimulate1": 6.386684809993217, "riskSimulate2": 5.661083641432164, "riskyFraction": 1.0990308964017885}