{"numStrat": 10, "connectivity": 116.85616629959962, "totalSafety": 152.60201138176024, "nonDropSoldier": 12.625852116084841, "currentPoint": 86.40844182211082, "nextTurnSoldier": 11.308986784092736, "soldiers": 18.881516942769093, "saftyB": 4.719847095521131, "saftyBata": 1.7745362885514668, "saftyLanda": 2.599699537145066, "saftyMu": 9.003833021928832, "strategicBonus": 9.923092739438301, "stratSold": 13.030415509452478, "stratSoldSq": 226.47541093037324, "riskRate": 2.585270911612141, "riskRate2": 0.30704663953604866, "riskSimulate1": 6.415314993951686, "riskSimulate2": 6.557057556292019, "riskyFraction": 1.4717668505199395}